-- phpMyAdmin SQL Dump
-- version 5.2.1
-- https://www.phpmyadmin.net/
--
-- Host: 127.0.0.1
-- Tempo de geração: 21/04/2026 às 00:20
-- Versão do servidor: 10.4.32-MariaDB
-- Versão do PHP: 8.0.30

SET SQL_MODE = "NO_AUTO_VALUE_ON_ZERO";
START TRANSACTION;
SET time_zone = "+00:00";


/*!40101 SET @OLD_CHARACTER_SET_CLIENT=@@CHARACTER_SET_CLIENT */;
/*!40101 SET @OLD_CHARACTER_SET_RESULTS=@@CHARACTER_SET_RESULTS */;
/*!40101 SET @OLD_COLLATION_CONNECTION=@@COLLATION_CONNECTION */;
/*!40101 SET NAMES utf8mb4 */;

--
-- Banco de dados: `loja_informatica`
--

-- --------------------------------------------------------

--
-- Estrutura para tabela `produto`
--

CREATE TABLE `produto` (
  `produto_id` int(11) NOT NULL,
  `produto` text NOT NULL,
  `valor_compra` double(10,2) NOT NULL,
  `valor_venda` double(10,2) NOT NULL
) ENGINE=InnoDB DEFAULT CHARSET=latin1 COLLATE=latin1_swedish_ci;

--
-- Despejando dados para a tabela `produto`
--

INSERT INTO `produto` (`produto_id`, `produto`, `valor_compra`, `valor_venda`) VALUES
(1, 'Notebook', 2500.00, 3200.00),
(2, 'Mouse', 30.00, 55.00),
(3, 'Teclado', 80.00, 140.00),
(4, 'Monitor', 700.00, 950.00),
(5, 'Impressora', 600.00, 820.00),
(6, 'Webcam', 120.00, 210.00),
(7, 'Headset', 150.00, 260.00),
(8, 'HD Externo', 300.00, 480.00),
(9, 'Pendrive', 25.00, 45.00),
(10, 'Cadeira Gamer', 900.00, 1350.00);

-- --------------------------------------------------------

--
-- Estrutura para tabela `vendas`
--

CREATE TABLE `vendas` (
  `vendas_id` int(11) NOT NULL,
  `data_venda` date NOT NULL,
  `quantidade_vendida` int(11) NOT NULL,
  `produto_id` int(11) NOT NULL,
  `vendedor_id` int(11) NOT NULL
) ENGINE=InnoDB DEFAULT CHARSET=latin1 COLLATE=latin1_swedish_ci;

--
-- Despejando dados para a tabela `vendas`
--

INSERT INTO `vendas` (`vendas_id`, `data_venda`, `quantidade_vendida`, `produto_id`, `vendedor_id`) VALUES
(1, '2024-01-05', 10, 2, 1),
(2, '2024-01-10', 11, 3, 1),
(3, '2024-01-15', 5, 4, 1),
(4, '2024-01-20', 15, 5, 1),
(5, '2024-01-25', 2, 6, 1),
(6, '2024-01-05', 9, 3, 2),
(7, '2024-01-10', 1, 4, 2),
(8, '2024-01-15', 2, 5, 2),
(9, '2024-01-20', 9, 6, 2),
(10, '2024-01-25', 2, 7, 2),
(11, '2024-01-05', 1, 4, 3),
(12, '2024-01-10', 3, 5, 3),
(13, '2024-01-15', 11, 6, 3),
(14, '2024-01-20', 3, 7, 3),
(15, '2024-01-25', 2, 8, 3),
(16, '2024-01-05', 1, 5, 4),
(17, '2024-01-10', 5, 6, 4),
(18, '2024-01-15', 1, 7, 4),
(19, '2024-01-20', 3, 8, 4),
(20, '2024-01-25', 3, 9, 4),
(21, '2024-01-05', 2, 6, 5),
(22, '2024-01-10', 15, 7, 5),
(23, '2024-01-15', 2, 8, 5),
(24, '2024-01-20', 2, 9, 5),
(25, '2024-01-25', 3, 10, 5),
(26, '2024-02-05', 3, 2, 1),
(27, '2024-02-10', 3, 3, 1),
(28, '2024-02-15', 3, 4, 1),
(29, '2024-02-20', 5, 5, 1),
(30, '2024-02-25', 1, 6, 1),
(31, '2024-02-05', 9, 3, 2),
(32, '2024-02-10', 8, 4, 2),
(33, '2024-02-15', 2, 5, 2),
(34, '2024-02-20', 3, 6, 2),
(35, '2024-02-25', 1, 7, 2),
(36, '2024-02-05', 8, 4, 3),
(37, '2024-02-10', 1, 5, 3),
(38, '2024-02-15', 2, 6, 3),
(39, '2024-02-20', 3, 7, 3),
(40, '2024-02-25', 9, 8, 3),
(41, '2024-02-05', 5, 5, 4),
(42, '2024-02-10', 6, 6, 4),
(43, '2024-02-15', 7, 7, 4),
(44, '2024-02-20', 8, 8, 4),
(45, '2024-02-25', 9, 9, 4),
(46, '2024-02-05', 6, 6, 5),
(47, '2024-02-10', 7, 7, 5),
(48, '2024-02-15', 8, 8, 5),
(49, '2024-02-20', 9, 9, 5),
(50, '2024-02-25', 10, 10, 5),
(51, '2024-03-05', 2, 2, 1),
(52, '2024-03-10', 12, 3, 1),
(53, '2024-03-15', 1, 4, 1),
(54, '2024-03-20', 9, 5, 1),
(55, '2024-03-25', 6, 6, 1),
(56, '2024-03-05', 3, 3, 2),
(57, '2024-03-10', 2, 4, 2),
(58, '2024-03-15', 2, 5, 2),
(59, '2024-03-20', 2, 6, 2),
(60, '2024-03-25', 2, 7, 2),
(61, '2024-03-05', 1, 4, 3),
(62, '2024-03-10', 1, 5, 3),
(63, '2024-03-15', 3, 6, 3),
(64, '2024-03-20', 2, 7, 3),
(65, '2024-03-25', 2, 8, 3),
(66, '2024-03-05', 9, 5, 4),
(67, '2024-03-10', 8, 6, 4),
(68, '2024-03-15', 2, 7, 4),
(69, '2024-03-20', 1, 8, 4),
(70, '2024-03-25', 5, 9, 4),
(71, '2024-03-05', 5, 6, 5),
(72, '2024-03-10', 5, 7, 5),
(73, '2024-03-15', 2, 8, 5),
(74, '2024-03-20', 10, 9, 5),
(75, '2024-03-25', 1, 10, 5),
(76, '2024-04-05', 15, 2, 1),
(77, '2024-04-10', 14, 3, 1),
(78, '2024-04-15', 3, 4, 1),
(79, '2024-04-20', 2, 5, 1),
(80, '2024-04-25', 10, 6, 1),
(81, '2024-04-05', 5, 3, 2),
(82, '2024-04-10', 5, 4, 2),
(83, '2024-04-15', 5, 5, 2),
(84, '2024-04-20', 8, 6, 2),
(85, '2024-04-25', 8, 7, 2),
(86, '2024-04-05', 8, 4, 3),
(87, '2024-04-10', 3, 5, 3),
(88, '2024-04-15', 3, 6, 3),
(89, '2024-04-20', 3, 7, 3),
(90, '2024-04-25', 3, 8, 3),
(91, '2024-04-05', 5, 5, 4),
(92, '2024-04-10', 3, 6, 4),
(93, '2024-04-15', 5, 7, 4),
(94, '2024-04-20', 5, 8, 4),
(95, '2024-04-25', 5, 9, 4),
(96, '2024-04-05', 6, 6, 5),
(97, '2024-04-10', 5, 7, 5),
(98, '2024-04-15', 3, 8, 5),
(99, '2024-04-20', 2, 9, 5),
(100, '2024-04-25', 1, 10, 5),
(101, '2024-05-05', 2, 2, 1),
(102, '2024-05-10', 3, 3, 1),
(103, '2024-05-15', 2, 4, 1),
(104, '2024-05-20', 5, 5, 1),
(105, '2024-05-25', 9, 6, 1),
(106, '2024-05-05', 3, 3, 2),
(107, '2024-05-10', 1, 4, 2),
(108, '2024-05-15', 3, 5, 2),
(109, '2024-05-20', 6, 6, 2),
(110, '2024-05-25', 9, 7, 2),
(111, '2024-05-05', 2, 4, 3),
(112, '2024-05-10', 2, 5, 3),
(113, '2024-05-15', 3, 6, 3),
(114, '2024-05-20', 3, 7, 3),
(115, '2024-05-25', 3, 8, 3),
(116, '2024-05-05', 5, 5, 4),
(117, '2024-05-10', 6, 6, 4),
(118, '2024-05-15', 5, 7, 4),
(119, '2024-05-20', 5, 8, 4),
(120, '2024-05-25', 5, 9, 4),
(121, '2024-05-05', 4, 6, 5),
(122, '2024-05-10', 4, 7, 5),
(123, '2024-05-15', 4, 8, 5),
(124, '2024-05-20', 2, 9, 5),
(125, '2024-05-25', 5, 10, 5),
(126, '2024-06-05', 2, 2, 1),
(127, '2024-06-10', 3, 3, 1),
(128, '2024-06-15', 2, 4, 1),
(129, '2024-06-20', 1, 5, 1),
(130, '2024-06-25', 4, 6, 1),
(131, '2024-06-05', 3, 3, 2),
(132, '2024-06-10', 4, 4, 2),
(133, '2024-06-15', 5, 5, 2),
(134, '2024-06-20', 6, 6, 2),
(135, '2024-06-25', 7, 7, 2),
(136, '2024-06-05', 3, 4, 3),
(137, '2024-06-10', 5, 5, 3),
(138, '2024-06-15', 2, 6, 3),
(139, '2024-06-20', 3, 7, 3),
(140, '2024-06-25', 9, 8, 3),
(141, '2024-06-05', 5, 5, 4),
(142, '2024-06-10', 3, 6, 4),
(143, '2024-06-15', 3, 7, 4),
(144, '2024-06-20', 3, 8, 4),
(145, '2024-06-25', 5, 9, 4),
(146, '2024-06-05', 9, 6, 5),
(147, '2024-06-10', 4, 7, 5),
(148, '2024-06-15', 6, 8, 5),
(149, '2024-06-20', 3, 9, 5),
(150, '2024-06-25', 1, 10, 5),
(151, '2024-07-05', 2, 2, 1),
(152, '2024-07-10', 3, 3, 1),
(153, '2024-07-15', 1, 4, 1),
(154, '2024-07-20', 3, 5, 1),
(155, '2024-07-25', 1, 6, 1),
(156, '2024-07-05', 1, 3, 2),
(157, '2024-07-10', 9, 4, 2),
(158, '2024-07-15', 3, 5, 2),
(159, '2024-07-20', 3, 6, 2),
(160, '2024-07-25', 3, 7, 2),
(161, '2024-07-05', 8, 4, 3),
(162, '2024-07-10', 3, 5, 3),
(163, '2024-07-15', 3, 6, 3),
(164, '2024-07-20', 5, 7, 3),
(165, '2024-07-25', 3, 8, 3),
(166, '2024-07-05', 3, 5, 4),
(167, '2024-07-10', 3, 6, 4),
(168, '2024-07-15', 3, 7, 4),
(169, '2024-07-20', 2, 8, 4),
(170, '2024-07-25', 5, 9, 4),
(171, '2024-07-05', 2, 6, 5),
(172, '2024-07-10', 3, 7, 5),
(173, '2024-07-15', 5, 8, 5),
(174, '2024-07-20', 5, 9, 5),
(175, '2024-07-25', 5, 10, 5),
(176, '2024-08-05', 5, 2, 1),
(177, '2024-08-10', 3, 3, 1),
(178, '2024-08-15', 11, 4, 1),
(179, '2024-08-20', 2, 5, 1),
(180, '2024-08-25', 2, 6, 1),
(181, '2024-08-05', 9, 3, 2),
(182, '2024-08-10', 8, 4, 2),
(183, '2024-08-15', 3, 5, 2),
(184, '2024-08-20', 2, 6, 2),
(185, '2024-08-25', 10, 7, 2),
(186, '2024-08-05', 8, 4, 3),
(187, '2024-08-10', 5, 5, 3),
(188, '2024-08-15', 3, 6, 3),
(189, '2024-08-20', 3, 7, 3),
(190, '2024-08-25', 3, 8, 3),
(191, '2024-08-05', 5, 5, 4),
(192, '2024-08-10', 1, 6, 4),
(193, '2024-08-15', 3, 7, 4),
(194, '2024-08-20', 2, 8, 4),
(195, '2024-08-25', 6, 9, 4),
(196, '2024-08-05', 2, 6, 5),
(197, '2024-08-10', 5, 7, 5),
(198, '2024-08-15', 3, 8, 5),
(199, '2024-08-20', 2, 9, 5),
(200, '2024-08-25', 1, 10, 5),
(201, '2024-09-05', 2, 2, 1),
(202, '2024-09-10', 3, 3, 1),
(203, '2024-09-15', 4, 4, 1),
(204, '2024-09-20', 5, 5, 1),
(205, '2024-09-25', 6, 6, 1),
(206, '2024-09-05', 2, 3, 2),
(207, '2024-09-10', 2, 4, 2),
(208, '2024-09-15', 2, 5, 2),
(209, '2024-09-20', 2, 6, 2),
(210, '2024-09-25', 2, 7, 2),
(211, '2024-09-05', 4, 4, 3),
(212, '2024-09-10', 4, 5, 3),
(213, '2024-09-15', 4, 6, 3),
(214, '2024-09-20', 4, 7, 3),
(215, '2024-09-25', 4, 8, 3),
(216, '2024-09-05', 4, 5, 4),
(217, '2024-09-10', 8, 6, 4),
(218, '2024-09-15', 8, 7, 4),
(219, '2024-09-20', 8, 8, 4),
(220, '2024-09-25', 3, 9, 4),
(221, '2024-09-05', 3, 6, 5),
(222, '2024-09-10', 3, 7, 5),
(223, '2024-09-15', 3, 8, 5),
(224, '2024-09-20', 3, 9, 5),
(225, '2024-09-25', 3, 10, 5),
(226, '2024-10-05', 2, 2, 1),
(227, '2024-10-10', 2, 3, 1),
(228, '2024-10-15', 4, 4, 1),
(229, '2024-10-20', 4, 5, 1),
(230, '2024-10-25', 4, 6, 1),
(231, '2024-10-05', 4, 3, 2),
(232, '2024-10-10', 4, 4, 2),
(233, '2024-10-15', 5, 5, 2),
(234, '2024-10-20', 5, 6, 2),
(235, '2024-10-25', 5, 7, 2),
(236, '2024-10-05', 10, 4, 3),
(237, '2024-10-10', 1, 5, 3),
(238, '2024-10-15', 1, 6, 3),
(239, '2024-10-20', 3, 7, 3),
(240, '2024-10-25', 5, 8, 3),
(241, '2024-10-05', 5, 5, 4),
(242, '2024-10-10', 3, 6, 4),
(243, '2024-10-15', 3, 7, 4),
(244, '2024-10-20', 3, 8, 4),
(245, '2024-10-25', 9, 9, 4),
(246, '2024-10-05', 9, 6, 5),
(247, '2024-10-10', 2, 7, 5),
(248, '2024-10-15', 2, 8, 5),
(249, '2024-10-20', 2, 9, 5),
(250, '2024-10-25', 2, 10, 5),
(251, '2024-11-05', 2, 2, 1),
(252, '2024-11-10', 3, 3, 1),
(253, '2024-11-15', 4, 4, 1),
(254, '2024-11-20', 5, 5, 1),
(255, '2024-11-25', 6, 6, 1),
(256, '2024-11-05', 3, 3, 2),
(257, '2024-11-10', 4, 4, 2),
(258, '2024-11-15', 5, 5, 2),
(259, '2024-11-20', 6, 6, 2),
(260, '2024-11-25', 7, 7, 2),
(261, '2024-11-05', 4, 4, 3),
(262, '2024-11-10', 5, 5, 3),
(263, '2024-11-15', 6, 6, 3),
(264, '2024-11-20', 7, 7, 3),
(265, '2024-11-25', 8, 8, 3),
(266, '2024-11-05', 5, 5, 4),
(267, '2024-11-10', 6, 6, 4),
(268, '2024-11-15', 7, 7, 4),
(269, '2024-11-20', 8, 8, 4),
(270, '2024-11-25', 9, 9, 4),
(271, '2024-11-05', 6, 6, 5),
(272, '2024-11-10', 7, 7, 5),
(273, '2024-11-15', 8, 8, 5),
(274, '2024-11-20', 9, 9, 5),
(275, '2024-11-25', 10, 10, 5),
(276, '2024-12-05', 2, 2, 1),
(277, '2024-12-10', 3, 3, 1),
(278, '2024-12-15', 4, 4, 1),
(279, '2024-12-20', 5, 5, 1),
(280, '2024-12-25', 6, 6, 1),
(281, '2024-12-05', 3, 3, 2),
(282, '2024-12-10', 4, 4, 2),
(283, '2024-12-15', 5, 5, 2),
(284, '2024-12-20', 6, 6, 2),
(285, '2024-12-25', 7, 7, 2),
(286, '2024-12-05', 4, 4, 3),
(287, '2024-12-10', 5, 5, 3),
(288, '2024-12-15', 6, 6, 3),
(289, '2024-12-20', 7, 7, 3),
(290, '2024-12-25', 8, 8, 3),
(291, '2024-12-05', 5, 5, 4),
(292, '2024-12-10', 6, 6, 4),
(293, '2024-12-15', 7, 7, 4),
(294, '2024-12-20', 8, 8, 4),
(295, '2024-12-25', 9, 9, 4),
(296, '2024-12-05', 6, 6, 5),
(297, '2024-12-10', 7, 7, 5),
(298, '2024-12-15', 8, 8, 5),
(299, '2024-12-20', 9, 9, 5),
(300, '2024-12-25', 10, 10, 5),
(301, '2025-01-05', 2, 2, 1),
(302, '2025-01-10', 3, 3, 1),
(303, '2025-01-15', 4, 4, 1),
(304, '2025-01-20', 5, 5, 1),
(305, '2025-01-25', 6, 6, 1),
(306, '2025-01-05', 3, 3, 2),
(307, '2025-01-10', 4, 4, 2),
(308, '2025-01-15', 5, 5, 2),
(309, '2025-01-20', 6, 6, 2),
(310, '2025-01-25', 7, 7, 2),
(311, '2025-01-05', 4, 4, 3),
(312, '2025-01-10', 5, 5, 3),
(313, '2025-01-15', 6, 6, 3),
(314, '2025-01-20', 7, 7, 3),
(315, '2025-01-25', 8, 8, 3),
(316, '2025-01-05', 5, 5, 4),
(317, '2025-01-10', 6, 6, 4),
(318, '2025-01-15', 7, 7, 4),
(319, '2025-01-20', 8, 8, 4),
(320, '2025-01-25', 9, 9, 4),
(321, '2025-01-05', 6, 6, 5),
(322, '2025-01-10', 7, 7, 5),
(323, '2025-01-15', 8, 8, 5),
(324, '2025-01-20', 9, 9, 5),
(325, '2025-01-25', 10, 10, 5),
(326, '2025-02-05', 2, 2, 1),
(327, '2025-02-10', 3, 3, 1),
(328, '2025-02-15', 4, 4, 1),
(329, '2025-02-20', 5, 5, 1),
(330, '2025-02-25', 6, 6, 1),
(331, '2025-02-05', 3, 3, 2),
(332, '2025-02-10', 4, 4, 2),
(333, '2025-02-15', 5, 5, 2),
(334, '2025-02-20', 6, 6, 2),
(335, '2025-02-25', 7, 7, 2),
(336, '2025-02-05', 4, 4, 3),
(337, '2025-02-10', 5, 5, 3),
(338, '2025-02-15', 6, 6, 3),
(339, '2025-02-20', 7, 7, 3),
(340, '2025-02-25', 8, 8, 3),
(341, '2025-02-05', 5, 5, 4),
(342, '2025-02-10', 6, 6, 4),
(343, '2025-02-15', 7, 7, 4),
(344, '2025-02-20', 8, 8, 4),
(345, '2025-02-25', 9, 9, 4),
(346, '2025-02-05', 6, 6, 5),
(347, '2025-02-10', 7, 7, 5),
(348, '2025-02-15', 8, 8, 5),
(349, '2025-02-20', 9, 9, 5),
(350, '2025-02-25', 10, 10, 5),
(351, '2025-03-05', 2, 2, 1),
(352, '2025-03-10', 3, 3, 1),
(353, '2025-03-15', 4, 4, 1),
(354, '2025-03-20', 5, 5, 1),
(355, '2025-03-25', 6, 6, 1),
(356, '2025-03-05', 3, 3, 2),
(357, '2025-03-10', 4, 4, 2),
(358, '2025-03-15', 5, 5, 2),
(359, '2025-03-20', 6, 6, 2),
(360, '2025-03-25', 7, 7, 2),
(361, '2025-03-05', 4, 4, 3),
(362, '2025-03-10', 5, 5, 3),
(363, '2025-03-15', 6, 6, 3),
(364, '2025-03-20', 7, 7, 3),
(365, '2025-03-25', 8, 8, 3),
(366, '2025-03-05', 5, 5, 4),
(367, '2025-03-10', 6, 6, 4),
(368, '2025-03-15', 7, 7, 4),
(369, '2025-03-20', 8, 8, 4),
(370, '2025-03-25', 9, 9, 4),
(371, '2025-03-05', 6, 6, 5),
(372, '2025-03-10', 7, 7, 5),
(373, '2025-03-15', 8, 8, 5),
(374, '2025-03-20', 9, 9, 5),
(375, '2025-03-25', 10, 10, 5),
(376, '2025-04-05', 2, 2, 1),
(377, '2025-04-10', 3, 3, 1),
(378, '2025-04-15', 4, 4, 1),
(379, '2025-04-20', 5, 5, 1),
(380, '2025-04-25', 6, 6, 1),
(381, '2025-04-05', 3, 3, 2),
(382, '2025-04-10', 4, 4, 2),
(383, '2025-04-15', 5, 5, 2),
(384, '2025-04-20', 6, 6, 2),
(385, '2025-04-25', 7, 7, 2),
(386, '2025-04-05', 4, 4, 3),
(387, '2025-04-10', 5, 5, 3),
(388, '2025-04-15', 6, 6, 3),
(389, '2025-04-20', 7, 7, 3),
(390, '2025-04-25', 8, 8, 3),
(391, '2025-04-05', 5, 5, 4),
(392, '2025-04-10', 6, 6, 4),
(393, '2025-04-15', 7, 7, 4),
(394, '2025-04-20', 8, 8, 4),
(395, '2025-04-25', 9, 9, 4),
(396, '2025-04-05', 6, 6, 5),
(397, '2025-04-10', 7, 7, 5),
(398, '2025-04-15', 8, 8, 5),
(399, '2025-04-20', 9, 9, 5),
(400, '2025-04-25', 10, 10, 5),
(401, '2025-05-05', 2, 2, 1),
(402, '2025-05-10', 3, 3, 1),
(403, '2025-05-15', 4, 4, 1),
(404, '2025-05-20', 5, 5, 1),
(405, '2025-05-25', 6, 6, 1),
(406, '2025-05-05', 3, 3, 2),
(407, '2025-05-10', 4, 4, 2),
(408, '2025-05-15', 5, 5, 2),
(409, '2025-05-20', 6, 6, 2),
(410, '2025-05-25', 7, 7, 2),
(411, '2025-05-05', 4, 4, 3),
(412, '2025-05-10', 5, 5, 3),
(413, '2025-05-15', 6, 6, 3),
(414, '2025-05-20', 7, 7, 3),
(415, '2025-05-25', 8, 8, 3),
(416, '2025-05-05', 5, 5, 4),
(417, '2025-05-10', 6, 6, 4),
(418, '2025-05-15', 7, 7, 4),
(419, '2025-05-20', 8, 8, 4),
(420, '2025-05-25', 9, 9, 4),
(421, '2025-05-05', 6, 6, 5),
(422, '2025-05-10', 7, 7, 5),
(423, '2025-05-15', 8, 8, 5),
(424, '2025-05-20', 9, 9, 5),
(425, '2025-05-25', 10, 10, 5),
(426, '2025-06-05', 2, 2, 1),
(427, '2025-06-10', 3, 3, 1),
(428, '2025-06-15', 4, 4, 1),
(429, '2025-06-20', 5, 5, 1),
(430, '2025-06-25', 6, 6, 1),
(431, '2025-06-05', 3, 3, 2),
(432, '2025-06-10', 4, 4, 2),
(433, '2025-06-15', 5, 5, 2),
(434, '2025-06-20', 6, 6, 2),
(435, '2025-06-25', 7, 7, 2),
(436, '2025-06-05', 4, 4, 3),
(437, '2025-06-10', 5, 5, 3),
(438, '2025-06-15', 6, 6, 3),
(439, '2025-06-20', 7, 7, 3),
(440, '2025-06-25', 8, 8, 3),
(441, '2025-06-05', 5, 5, 4),
(442, '2025-06-10', 6, 6, 4),
(443, '2025-06-15', 7, 7, 4),
(444, '2025-06-20', 8, 8, 4),
(445, '2025-06-25', 9, 9, 4),
(446, '2025-06-05', 6, 6, 5),
(447, '2025-06-10', 7, 7, 5),
(448, '2025-06-15', 8, 8, 5),
(449, '2025-06-20', 9, 9, 5),
(450, '2025-06-25', 10, 10, 5),
(451, '2025-07-05', 2, 2, 1),
(452, '2025-07-10', 3, 3, 1),
(453, '2025-07-15', 4, 4, 1),
(454, '2025-07-20', 5, 5, 1),
(455, '2025-07-25', 6, 6, 1),
(456, '2025-07-05', 3, 3, 2),
(457, '2025-07-10', 4, 4, 2),
(458, '2025-07-15', 5, 5, 2),
(459, '2025-07-20', 6, 6, 2),
(460, '2025-07-25', 7, 7, 2),
(461, '2025-07-05', 4, 4, 3),
(462, '2025-07-10', 5, 5, 3),
(463, '2025-07-15', 6, 6, 3),
(464, '2025-07-20', 7, 7, 3),
(465, '2025-07-25', 8, 8, 3),
(466, '2025-07-05', 5, 5, 4),
(467, '2025-07-10', 6, 6, 4),
(468, '2025-07-15', 7, 7, 4),
(469, '2025-07-20', 8, 8, 4),
(470, '2025-07-25', 9, 9, 4),
(471, '2025-07-05', 6, 6, 5),
(472, '2025-07-10', 7, 7, 5),
(473, '2025-07-15', 8, 8, 5),
(474, '2025-07-20', 9, 9, 5),
(475, '2025-07-25', 10, 10, 5),
(476, '2025-08-05', 2, 2, 1),
(477, '2025-08-10', 3, 3, 1),
(478, '2025-08-15', 4, 4, 1),
(479, '2025-08-20', 5, 5, 1),
(480, '2025-08-25', 6, 6, 1),
(481, '2025-08-05', 3, 3, 2),
(482, '2025-08-10', 4, 4, 2),
(483, '2025-08-15', 5, 5, 2),
(484, '2025-08-20', 6, 6, 2),
(485, '2025-08-25', 7, 7, 2),
(486, '2025-08-05', 4, 4, 3),
(487, '2025-08-10', 5, 5, 3),
(488, '2025-08-15', 6, 6, 3),
(489, '2025-08-20', 7, 7, 3),
(490, '2025-08-25', 8, 8, 3),
(491, '2025-08-05', 5, 5, 4),
(492, '2025-08-10', 6, 6, 4),
(493, '2025-08-15', 7, 7, 4),
(494, '2025-08-20', 8, 8, 4),
(495, '2025-08-25', 9, 9, 4),
(496, '2025-08-05', 6, 6, 5),
(497, '2025-08-10', 7, 7, 5),
(498, '2025-08-15', 8, 8, 5),
(499, '2025-08-20', 9, 9, 5),
(500, '2025-08-25', 10, 10, 5),
(501, '2025-09-05', 2, 2, 1),
(502, '2025-09-10', 3, 3, 1),
(503, '2025-09-15', 4, 4, 1),
(504, '2025-09-20', 5, 5, 1),
(505, '2025-09-25', 6, 6, 1),
(506, '2025-09-05', 3, 3, 2),
(507, '2025-09-10', 4, 4, 2),
(508, '2025-09-15', 5, 5, 2),
(509, '2025-09-20', 6, 6, 2),
(510, '2025-09-25', 7, 7, 2),
(511, '2025-09-05', 4, 4, 3),
(512, '2025-09-10', 5, 5, 3),
(513, '2025-09-15', 6, 6, 3),
(514, '2025-09-20', 7, 7, 3),
(515, '2025-09-25', 8, 8, 3),
(516, '2025-09-05', 5, 5, 4),
(517, '2025-09-10', 6, 6, 4),
(518, '2025-09-15', 7, 7, 4),
(519, '2025-09-20', 8, 8, 4),
(520, '2025-09-25', 9, 9, 4),
(521, '2025-09-05', 6, 6, 5),
(522, '2025-09-10', 7, 7, 5),
(523, '2025-09-15', 8, 8, 5),
(524, '2025-09-20', 9, 9, 5),
(525, '2025-09-25', 10, 10, 5),
(526, '2025-10-05', 2, 2, 1),
(527, '2025-10-10', 3, 3, 1),
(528, '2025-10-15', 4, 4, 1),
(529, '2025-10-20', 5, 5, 1),
(530, '2025-10-25', 6, 6, 1),
(531, '2025-10-05', 3, 3, 2),
(532, '2025-10-10', 4, 4, 2),
(533, '2025-10-15', 5, 5, 2),
(534, '2025-10-20', 6, 6, 2),
(535, '2025-10-25', 7, 7, 2),
(536, '2025-10-05', 4, 4, 3),
(537, '2025-10-10', 5, 5, 3),
(538, '2025-10-15', 6, 6, 3),
(539, '2025-10-20', 7, 7, 3),
(540, '2025-10-25', 8, 8, 3),
(541, '2025-10-05', 5, 5, 4),
(542, '2025-10-10', 6, 6, 4),
(543, '2025-10-15', 7, 7, 4),
(544, '2025-10-20', 8, 8, 4),
(545, '2025-10-25', 9, 9, 4),
(546, '2025-10-05', 6, 6, 5),
(547, '2025-10-10', 7, 7, 5),
(548, '2025-10-15', 8, 8, 5),
(549, '2025-10-20', 9, 9, 5),
(550, '2025-10-25', 10, 10, 5),
(551, '2025-11-05', 2, 2, 1),
(552, '2025-11-10', 3, 3, 1),
(553, '2025-11-15', 4, 4, 1),
(554, '2025-11-20', 5, 5, 1),
(555, '2025-11-25', 6, 6, 1),
(556, '2025-11-05', 3, 3, 2),
(557, '2025-11-10', 4, 4, 2),
(558, '2025-11-15', 5, 5, 2),
(559, '2025-11-20', 6, 6, 2),
(560, '2025-11-25', 7, 7, 2),
(561, '2025-11-05', 4, 4, 3),
(562, '2025-11-10', 5, 5, 3),
(563, '2025-11-15', 6, 6, 3),
(564, '2025-11-20', 7, 7, 3),
(565, '2025-11-25', 8, 8, 3),
(566, '2025-11-05', 5, 5, 4),
(567, '2025-11-10', 6, 6, 4),
(568, '2025-11-15', 7, 7, 4),
(569, '2025-11-20', 8, 8, 4),
(570, '2025-11-25', 9, 9, 4),
(571, '2025-11-05', 6, 6, 5),
(572, '2025-11-10', 7, 7, 5),
(573, '2025-11-15', 8, 8, 5),
(574, '2025-11-20', 9, 9, 5),
(575, '2025-11-25', 10, 10, 5),
(576, '2025-12-05', 2, 2, 1),
(577, '2025-12-10', 3, 3, 1),
(578, '2025-12-15', 4, 4, 1),
(579, '2025-12-20', 5, 5, 1),
(580, '2025-12-25', 6, 6, 1),
(581, '2025-12-05', 3, 3, 2),
(582, '2025-12-10', 4, 4, 2),
(583, '2025-12-15', 5, 5, 2),
(584, '2025-12-20', 6, 6, 2),
(585, '2025-12-25', 7, 7, 2),
(586, '2025-12-05', 4, 4, 3),
(587, '2025-12-10', 5, 5, 3),
(588, '2025-12-15', 6, 6, 3),
(589, '2025-12-20', 7, 7, 3),
(590, '2025-12-25', 8, 8, 3),
(591, '2025-12-05', 5, 5, 4),
(592, '2025-12-10', 6, 6, 4),
(593, '2025-12-15', 7, 7, 4),
(594, '2025-12-20', 8, 8, 4),
(595, '2025-12-25', 9, 9, 4),
(596, '2025-12-05', 6, 6, 5),
(597, '2025-12-10', 7, 7, 5),
(598, '2025-12-15', 8, 8, 5),
(599, '2025-12-20', 9, 9, 5),
(600, '2025-12-25', 10, 10, 5);

-- --------------------------------------------------------

--
-- Estrutura para tabela `vendedor`
--

CREATE TABLE `vendedor` (
  `vendedor_id` int(11) NOT NULL,
  `vendedor` text NOT NULL
) ENGINE=InnoDB DEFAULT CHARSET=latin1 COLLATE=latin1_swedish_ci;

--
-- Despejando dados para a tabela `vendedor`
--

INSERT INTO `vendedor` (`vendedor_id`, `vendedor`) VALUES
(1, 'Ana Souza'),
(2, 'Carlos Lima'),
(3, 'Fernanda Rocha'),
(4, 'João Pereira'),
(5, 'Marcos Silva');

--
-- Índices para tabelas despejadas
--

--
-- Índices de tabela `produto`
--
ALTER TABLE `produto`
  ADD PRIMARY KEY (`produto_id`);

--
-- Índices de tabela `vendas`
--
ALTER TABLE `vendas`
  ADD PRIMARY KEY (`vendas_id`),
  ADD KEY `produto_id` (`produto_id`),
  ADD KEY `vendedor_id` (`vendedor_id`);

--
-- Índices de tabela `vendedor`
--
ALTER TABLE `vendedor`
  ADD PRIMARY KEY (`vendedor_id`);

--
-- Restrições para tabelas despejadas
--

--
-- Restrições para tabelas `vendas`
--
ALTER TABLE `vendas`
  ADD CONSTRAINT `vendas_ibfk_1` FOREIGN KEY (`produto_id`) REFERENCES `produto` (`produto_id`),
  ADD CONSTRAINT `vendas_ibfk_2` FOREIGN KEY (`vendedor_id`) REFERENCES `vendedor` (`vendedor_id`);
COMMIT;

/*!40101 SET CHARACTER_SET_CLIENT=@OLD_CHARACTER_SET_CLIENT */;
/*!40101 SET CHARACTER_SET_RESULTS=@OLD_CHARACTER_SET_RESULTS */;
/*!40101 SET COLLATION_CONNECTION=@OLD_COLLATION_CONNECTION */;
